address,telegram 
0xa58212a35181eF2A3dD679D7C8128700D6942d4d,coin
0x935560cD23BE1f3a8e115B657Fecb599e158bDfC,rev
0x8641748C05C3AbB0a29A07c8A425c160dCB5Ade1,elisik
0x4d16dc8de1E63EB2bC5f80aC4d152E57E9da51BA,nogo
0xC0a717EbCd88e013b9bB8cECF060d5191296f61f,xen
0x543519E5302795Cd7bA492b9FF821d4713CDe90d,lance
0x00d4c898A44fC66DA4a4ccc2997929C95a565041,fillcap
0x8A4a6348083e9488eA354F8aA2AED5Ad6027d68b,mevElisik
0xc7f91e6650fe21791b1f8af864ed019b6853294e,cryptaar0n
0x007F3f38041E44017C36DEdc61930abCf9B949fA,Alhajidele
0x53d98d7cf2E3d03Ef031fDEC197792d0c713303d,PufferjacketDoggy
0x23c4e738F67C38650b966ae1DcBAcD0e96696a42,ProAssist777
0x64F9f0cb7E34E7E9160B93fe558b3CCa72387922,Dejii4pf
0xd117845664c099c85496ae09c971c6ee35360537,burstingbagel
0x8FED8509Fd1D649dB8f58E1e24A401fF8757b7BC,Francesco_Oddo
0x8C2c8A1c7E89481210686e6e60E986c6f6c6f619,Opbhai11
0x41F15eD259C34229088223FE53Af573b7b662e97,bodhamas
0x8106C8c338B0D86a78Ae9011Ba717e8eaa3Ae9d4,cringit
0x63440DE92C437967aA08EC0Dd51850FF7FD94aff,jeegen
0x043Be57cA9A428762C68C6A13cC1266512589E7D,meytahuy
0xf89d78D330434e110b0B5C27b8308d225142Da03,ojoneadejoh
0xB39Ef9E78Ae92023E697561D76959dbFd3BB641e,Subarash_i
0x62eF238efCAD502f951FF51698A627eA6d03B103,deekitch
0xe4024D649542921E10fd2035f30e8631cf2Ece12,rukkiesmua
0x0A251dF99A88A20a93876205Fb7f5Faf2E85A481,eNDMan
0x4cBC2e1c86C5eA7C5eA742A4e77696E4852840b5,sirfayiz
0x55333B9eA6f78E2f1407434A7fBF06f2914521b6,mariposakk
0x390d4203c3AA9B5deB4E2eF187c252db92a8623f,Floatright007
0xa070C820Cc88017985782cE13a152a6974418D31,galborta
0xA1D29EB203C8BE4c4522e1ec37D81780bd5DEA55,justinmoore21
0x82D1883ca96e57773429E785F195E32783B1C246,ehuang68
0xcaE01Ce7Ea66079Fe24B0cBE9Cadcd4dc431A019,sneakyping
0xfB6B50A790249a5BC8968CddaE5B32d5c598BFDF,Akanbi96
0x2e4f0e9240E9240a54d352e90F4CB614bB18C6f7,Samcz45
0xC32b7438b3dF7844c9eE799930a2224Fe6E26426,ssiiki14
0xC1E2Df7aA0E68a733F2AafCeFfaaBbBAded43346,eljaladz
0x8C04B3d28682274C92673C521CC09BeFbEd5b717,Ellw45
0x1df2535cf0956abec21c4738534885d3849d6578,tejjinxy
0x3d69a4ec30f3430c25c80630c3656b0c7d4447fc,ideyanother
0xE515CEB137cd1aBFd7D5f1c6FA8BBe1B4fb697C9,khellywealth
0x450dF2de58Eb06ADF926D277aD48364f947C837e,3H9073
0xFE8aA4b0E1dB75A442DEE4C4AbD63caC73a5Fa7B,Rnatii
0x37f4777c5b9eE6d3fB9862B2fB79738F05c3cd50,meroketuntukdigunting
0x73b2334ce4B2e7230C5d103A8471759EDF4f24DF,ryuxaze
0x9c48B7fc562f39C0c631a946214E36c1D62855a1,swaseem
0x57C552651B6Dd1317fbE1d1Fe82Cc58dFA915A3d,coipuco
0x642F7820a7f6a236d82CC1125B0AD92eaAc48301,lukedeviney
0x6C159C881BE4Afa3194Cd8CB8F3555444916C684,wildanseptiadi
0x0Fd326EB4eAbDDf648054D59eDcA789722222162,Hugo12052001
0x9a070851847fc53f1c96ba3c9e7dce9acb1d84ac,jareddd
0x8a48A5270D135d9b6284589E7AeFe4745bc7B04C,@mbagus192
0xf46bCfa955c7380E1A9748975428E04E624D1cC9,dexregan
0xF670240f2c2dce2BD6d63E3f0205f449C811c07E,jakob21
0x00000008Ba1350e10F55a208C0C449F7d07be5B0,Logos00000
0x1AdaFCe8B96a247FaEE53e8Be2081Bb924d4d7a3,tobilanu
0x6b2f58614a8d43829e210e17b1F504EFe0d2eD17,lucasgideonel
0x6B1c9112Df0bE9D9A3e8987A96584519f6f81946,RengganisOfficial
0xc69Ff05C9C68fd4BBA9477AEb527e5A57A30ce86,dofkafranto
0x5F936Ae0f736548A583838B52F690d6cDC67C9C4,Veronicazha
0x2838032d8FbE767f86c3C5a300e2B379917A3476,Sneaker69999
0x10a1bf11f31533cc058bd30c12774c1eac569b0d,KokoroForLife
0x7CbDC7b5601a77712EcefA548971b889e1707CF4,Ahmadrobert11
0x2686d1B3fc1c4dfa6967AE3d67bDdec439b8A4fd,trianefendi
0x35c04cE851759e6818B35C40b10cf9b9916c5E38,LuffyX11
0x5458a306b6088D5c641e0dae2a234FCD6C592075,boyteej
0x8e0e3D4a18AA44904ebda87C5B42545d1cEC2e5f,tzakt
0x09F8FA36A389FBcDf841aCbFdaF1B91e4e592F20,ashelyevil
0x9173292203474e2314DE9A6bcb149F23FA208c31,risrahma7
0x85c595a6B822b43c236B4B3e7720463f986E366e,felixrad2
0xdbac663a283e4d739ecaa4cca9cf39649ba1d0d3,ronk9
0x145F48fbFF2Bf2d9e4a74080C0f1CE9FAa40859b,LouisPetrus
0x969edb16aE29635C62AC5A4272D9E0aCC72E7688,Tolu
0xC71f9002317cd639Af1ABacA2A3EF4B22fB432a9,Noblepeace
0xA5191dAC582b3B372869091dd9Db23BBD87a33c0,Captaintee4you
0x17BE9bf6Ab0ac743C45c1A200eC1C974E095Bb01,piypum
0x5e607E6EBe255df2EF3e495948e70337F96fB768,Redactedan
0x464e23B942248376fc5e6Ab5F695ad6981CD8903,delamo3964
0xA92A40457E419c5EC245A646da09112cDcC6cfb6,nocturnalmaxi
0x9ffaad2c660fb988e2f36a5016220c12a227567c,Psaul26ix
0x3B9088F33DD1418EDDcD90E6a1D6d0Df1054Dc87,WenryXu
0x46A30ac73E47E9A8383331D0DDe3fB40C32b195c,r33ntrant
0x00d4c898A44fC66DA4a4ccc2997929C95a565041,fillcap
0xB2118AA0Ecc5EF0a2d8E9536d0e11c3be9225c76,dexregan
0xbac4D199269058AeAb4c0C3616d0B06EE89BeF46,kanye tee
0xEBEf993B5879781a422D35Fb84524dBB965a9FCe,michaeldlens
0x12c38F7269fD664224373371ebF3f40c551127f8,RSbuild
0xfb735452629b6bb1238f3f2d6a009631d462b67a,Kodan17
0xcCC9544Ae4CAC902e1A91AB9A6228BbF2b88d7Ef,Rainer W.
0x8745805eD2531cd1a34B1a9a4A7fFDee9Ca6c08c,dabraham13
0xeF0F5F3735CF5e3349D3950B618E2738a921Db42,cringit
0x0c9C3Ba64072eb566b0E9A4B6Bb0D7B204d68469,lord_dysto
0x9E772B2f0A69f2e64c8Ae3f91c4aE56ef6A31c21,9077192128
0x3637875931fd3a5051FEAF071c582F36B53ff587,qexd
0xd710E1225Ec112B6B6416F7CbEf4Dd905D97F466,9168056387
0x09a773BF8EcA3F0607bCb1c2823Dd05062268Dc9,https://t.me/bodhamas
0xCCA059aE08358E28E27177ADC14E6633b8187b43,Tempestakis
0x96e7CFCB8Fe7F57420B20903966414eBc981959b,sychonix
0x0Fff1763AcFA9992Faa81cd414f9DEEAb12ba732,daemonxcx
0xC7df6C8A2D851d20bC32238B26F886dB7E1949da,crazywrtr
0x37f82AB0AF3Cb689B576F9A58493Bcd3A3390ac4,tavren
0xC753569dB02cb4d78e5113ceDF501CCc467C8A06,gg_gideon
0x642Bc930db27844ec033c54688f22B6b5C2a99b6,Sniper8656
0x510e08473DdDaC45c15ecdb89df1c7029666C2B7,mrrgamerr
0x14c71e7313539b0d0ff35d48709830f1b513ff04,cusxio
0xC57d48FDC622B543F32751D7a12dB935D8279aE2,Larper66
0xB3ec1309c7B211075c5F7b3A1B67a43CAfb3b1A0,dongbeiwulian
0x80DDc5d0D32DEdB6C989d8FacecEa358229bfde3,laowang0923
0x12B4EE76120b475e3F241c9F64F89c43F732B731,tobilanu
0x986fcc6b0d290308ad6f6a0e8471f74f53dec06a,cryptoceuze